INSERT INTO auth_permission (id, content_type_id, codename, name) VALUES (1, 1, 'add_logentry', 'Can add log entry');
INSERT INTO auth_permission (id, content_type_id, codename, name) VALUES (2, 1, 'change_logentry', 'Can change log entry');
INSERT INTO auth_permission (id, content_type_id, codename, name) VALUES (3, 1, 'delete_logentry', 'Can delete log entry');
INSERT INTO auth_permission (id, content_type_id, codename, name) VALUES (4, 1, 'view_logentry', 'Can view log entry');
INSERT INTO auth_permission (id, content_type_id, codename, name) VALUES (5, 2, 'add_permission', 'Can add permission');
INSERT INTO auth_permission (id, content_type_id, codename, name) VALUES (6, 2, 'change_permission', 'Can change permission');
INSERT INTO auth_permission (id, content_type_id, codename, name) VALUES (7, 2, 'delete_permission', 'Can delete permission');
INSERT INTO auth_permission (id, content_type_id, codename, name) VALUES (8, 2, 'view_permission', 'Can view permission');
INSERT INTO auth_permission (id, content_type_id, codename, name) VALUES (9, 3, 'add_group', 'Can add group');
INSERT INTO auth_permission (id, content_type_id, codename, name) VALUES (10, 3, 'change_group', 'Can change group');
INSERT INTO auth_permission (id, content_type_id, codename, name) VALUES (11, 3, 'delete_group', 'Can delete group');
INSERT INTO auth_permission (id, content_type_id, codename, name) VALUES (12, 3, 'view_group', 'Can view group');
INSERT INTO auth_permission (id, content_type_id, codename, name) VALUES (13, 4, 'add_user', 'Can add user');
INSERT INTO auth_permission (id, content_type_id, codename, name) VALUES (14, 4, 'change_user', 'Can change user');
INSERT INTO auth_permission (id, content_type_id, codename, name) VALUES (15, 4, 'delete_user', 'Can delete user');
INSERT INTO auth_permission (id, content_type_id, codename, name) VALUES (16, 4, 'view_user', 'Can view user');
INSERT INTO auth_permission (id, content_type_id, codename, name) VALUES (17, 5, 'add_contenttype', 'Can add content type');
INSERT INTO auth_permission (id, content_type_id, codename, name) VALUES (18, 5, 'change_contenttype', 'Can change content type');
INSERT INTO auth_permission (id, content_type_id, codename, name) VALUES (19, 5, 'delete_contenttype', 'Can delete content type');
INSERT INTO auth_permission (id, content_type_id, codename, name) VALUES (20, 5, 'view_contenttype', 'Can view content type');
INSERT INTO auth_permission (id, content_type_id, codename, name) VALUES (21, 6, 'add_session', 'Can add session');
INSERT INTO auth_permission (id, content_type_id, codename, name) VALUES (22, 6, 'change_session', 'Can change session');
INSERT INTO auth_permission (id, content_type_id, codename, name) VALUES (23, 6, 'delete_session', 'Can delete session');
INSERT INTO auth_permission (id, content_type_id, codename, name) VALUES (24, 6, 'view_session', 'Can view session');
INSERT INTO auth_permission (id, content_type_id, codename, name) VALUES (25, 7, 'add_city', 'Can add city');
INSERT INTO auth_permission (id, content_type_id, codename, name) VALUES (26, 7, 'change_city', 'Can change city');
INSERT INTO auth_permission (id, content_type_id, codename, name) VALUES (27, 7, 'delete_city', 'Can delete city');
INSERT INTO auth_permission (id, content_type_id, codename, name) VALUES (28, 7, 'view_city', 'Can view city');
INSERT INTO auth_permission (id, content_type_id, codename, name) VALUES (29, 8, 'add_zip', 'Can add zip');
INSERT INTO auth_permission (id, content_type_id, codename, name) VALUES (30, 8, 'change_zip', 'Can change zip');
INSERT INTO auth_permission (id, content_type_id, codename, name) VALUES (31, 8, 'delete_zip', 'Can delete zip');
INSERT INTO auth_permission (id, content_type_id, codename, name) VALUES (32, 8, 'view_zip', 'Can view zip');
INSERT INTO auth_permission (id, content_type_id, codename, name) VALUES (33, 9, 'add_booking', 'Can add booking');
INSERT INTO auth_permission (id, content_type_id, codename, name) VALUES (34, 9, 'change_booking', 'Can change booking');
INSERT INTO auth_permission (id, content_type_id, codename, name) VALUES (35, 9, 'delete_booking', 'Can delete booking');
INSERT INTO auth_permission (id, content_type_id, codename, name) VALUES (36, 9, 'view_booking', 'Can view booking');
INSERT INTO auth_permission (id, content_type_id, codename, name) VALUES (37, 10, 'add_property', 'Can add property');
INSERT INTO auth_permission (id, content_type_id, codename, name) VALUES (38, 10, 'change_property', 'Can change property');
INSERT INTO auth_permission (id, content_type_id, codename, name) VALUES (39, 10, 'delete_property', 'Can delete property');
INSERT INTO auth_permission (id, content_type_id, codename, name) VALUES (40, 10, 'view_property', 'Can view property');
INSERT INTO auth_permission (id, content_type_id, codename, name) VALUES (41, 11, 'add_country', 'Can add country');
INSERT INTO auth_permission (id, content_type_id, codename, name) VALUES (42, 11, 'change_country', 'Can change country');
INSERT INTO auth_permission (id, content_type_id, codename, name) VALUES (43, 11, 'delete_country', 'Can delete country');
INSERT INTO auth_permission (id, content_type_id, codename, name) VALUES (44, 11, 'view_country', 'Can view country');
INSERT INTO auth_permission (id, content_type_id, codename, name) VALUES (45, 12, 'add_role', 'Can add role');
INSERT INTO auth_permission (id, content_type_id, codename, name) VALUES (46, 12, 'change_role', 'Can change role');
INSERT INTO auth_permission (id, content_type_id, codename, name) VALUES (47, 12, 'delete_role', 'Can delete role');
INSERT INTO auth_permission (id, content_type_id, codename, name) VALUES (48, 12, 'view_role', 'Can view role');
INSERT INTO auth_permission (id, content_type_id, codename, name) VALUES (49, 13, 'add_userprofile', 'Can add user profile');
INSERT INTO auth_permission (id, content_type_id, codename, name) VALUES (50, 13, 'change_userprofile', 'Can change user profile');
INSERT INTO auth_permission (id, content_type_id, codename, name) VALUES (51, 13, 'delete_userprofile', 'Can delete user profile');
INSERT INTO auth_permission (id, content_type_id, codename, name) VALUES (52, 13, 'view_userprofile', 'Can view user profile');
INSERT INTO auth_permission (id, content_type_id, codename, name) VALUES (53, 14, 'add_propertyimg', 'Can add property img');
INSERT INTO auth_permission (id, content_type_id, codename, name) VALUES (54, 14, 'change_propertyimg', 'Can change property img');
INSERT INTO auth_permission (id, content_type_id, codename, name) VALUES (55, 14, 'delete_propertyimg', 'Can delete property img');
INSERT INTO auth_permission (id, content_type_id, codename, name) VALUES (56, 14, 'view_propertyimg', 'Can view property img');
INSERT INTO auth_user (id, password, last_login, is_superuser, username, first_name, email, is_staff, is_active, date_joined, last_name) VALUES (1, 'pbkdf2_sha256$180000$8hML8BmU6jyO$lKQ1OEYZi43ps0e21mcYMBaY6h6NCQxqp8o1U2P5bDM=', '2020-05-29 11:28:58.822802', 1, 'salik', '', 'salikvilmer@gmail.com', 1, 1, '2020-05-29 11:28:48.855375', '');
INSERT INTO auth_user (id, password, last_login, is_superuser, username, first_name, email, is_staff, is_active, date_joined, last_name) VALUES (2, 'pbkdf2_sha256$180000$dsLYzU0Zw0XO$AgSWbzhO8ZkE8+1D9dMLWg2aS+pnjpeTkSgQ+dH9bUg=', null, 0, 'landlord', '', '', 0, 1, '2020-05-29 12:06:31', '');
INSERT INTO auth_user (id, password, last_login, is_superuser, username, first_name, email, is_staff, is_active, date_joined, last_name) VALUES (3, 'pbkdf2_sha256$180000$aOLm7XgrMViN$oeQ5Fq8D3e4XFrXJx29cj6lnACuPaDcKG29YXoVzRko=', null, 0, 'customer', '', '', 0, 1, '2020-05-29 12:06:47', '');
INSERT INTO django_admin_log (id, action_time, object_id, object_repr, change_message, content_type_id, user_id, action_flag) VALUES (1, '2020-05-29 11:32:48.541046', '1', 'name=Denmark - country_code=208', '[{"added": {}}]', 11, 1, 1);
INSERT INTO django_admin_log (id, action_time, object_id, object_repr, change_message, content_type_id, user_id, action_flag) VALUES (2, '2020-05-29 11:33:40.485875', '2', 'name=Netherlands - country_code=528', '[{"added": {}}]', 11, 1, 1);
INSERT INTO django_admin_log (id, action_time, object_id, object_repr, change_message, content_type_id, user_id, action_flag) VALUES (3, '2020-05-29 11:34:06.232156', '3', 'name=Italy - country_code=380', '[{"added": {}}]', 11, 1, 1);
INSERT INTO django_admin_log (id, action_time, object_id, object_repr, change_message, content_type_id, user_id, action_flag) VALUES (4, '2020-05-29 11:39:51.335588', '1', 'name=Allinge - country=name=Denmark - country_code=208', '[{"added": {}}]', 7, 1, 1);
INSERT INTO django_admin_log (id, action_time, object_id, object_repr, change_message, content_type_id, user_id, action_flag) VALUES (5, '2020-05-29 11:40:38.693702', '2', 'name=Copenhagen - country=name=Denmark - country_code=208', '[{"added": {}}]', 7, 1, 1);
INSERT INTO django_admin_log (id, action_time, object_id, object_repr, change_message, content_type_id, user_id, action_flag) VALUES (6, '2020-05-29 11:41:15.273165', '3', 'name=Copenhagen NV - country=name=Denmark - country_code=208', '[{"added": {}}]', 7, 1, 1);
INSERT INTO django_admin_log (id, action_time, object_id, object_repr, change_message, content_type_id, user_id, action_flag) VALUES (7, '2020-05-29 11:42:16.440609', '3', 'name=Copenhagen NV - country=name=Denmark - country_code=208', '', 7, 1, 3);
INSERT INTO django_admin_log (id, action_time, object_id, object_repr, change_message, content_type_id, user_id, action_flag) VALUES (8, '2020-05-29 11:49:37.009300', '4', 'name=Holte - country=name=Denmark - country_code=208', '[{"added": {}}]', 7, 1, 1);
INSERT INTO django_admin_log (id, action_time, object_id, object_repr, change_message, content_type_id, user_id, action_flag) VALUES (9, '2020-05-29 11:49:47.602350', '5', 'name=Søborg - country=name=Denmark - country_code=208', '[{"added": {}}]', 7, 1, 1);
INSERT INTO django_admin_log (id, action_time, object_id, object_repr, change_message, content_type_id, user_id, action_flag) VALUES (10, '2020-05-29 11:50:08.365747', '1', 'zip_code=3770 - city=name=Allinge - country=name=Denmark - country_code=208', '[{"added": {}}]', 8, 1, 1);
INSERT INTO django_admin_log (id, action_time, object_id, object_repr, change_message, content_type_id, user_id, action_flag) VALUES (11, '2020-05-29 11:50:20.802530', '2', 'zip_code=2840 - city=name=Holte - country=name=Denmark - country_code=208', '[{"added": {}}]', 8, 1, 1);
INSERT INTO django_admin_log (id, action_time, object_id, object_repr, change_message, content_type_id, user_id, action_flag) VALUES (12, '2020-05-29 11:50:33.033373', '3', 'zip_code=2860 - city=name=Søborg - country=name=Denmark - country_code=208', '[{"added": {}}]', 8, 1, 1);
INSERT INTO django_admin_log (id, action_time, object_id, object_repr, change_message, content_type_id, user_id, action_flag) VALUES (13, '2020-05-29 11:51:26.915442', '4', 'zip_code=2400 - city=name=Copenhagen - country=name=Denmark - country_code=208', '[{"added": {}}]', 8, 1, 1);
INSERT INTO django_admin_log (id, action_time, object_id, object_repr, change_message, content_type_id, user_id, action_flag) VALUES (14, '2020-05-29 11:52:41.803739', '2', 'name=Copenhagen K - country=name=Denmark - country_code=208', '[{"changed": {"fields": ["Name"]}}]', 7, 1, 2);
INSERT INTO django_admin_log (id, action_time, object_id, object_repr, change_message, content_type_id, user_id, action_flag) VALUES (15, '2020-05-29 11:55:21.790629', '2', 'name=Copenhagen - country=name=Denmark - country_code=208', '[{"changed": {"fields": ["Name"]}}]', 7, 1, 2);
INSERT INTO django_admin_log (id, action_time, object_id, object_repr, change_message, content_type_id, user_id, action_flag) VALUES (16, '2020-05-29 11:57:32.038116', '5', 'zip_code=2300 - city=name=Copenhagen - country=name=Denmark - country_code=208', '[{"added": {}}]', 8, 1, 1);
INSERT INTO django_admin_log (id, action_time, object_id, object_repr, change_message, content_type_id, user_id, action_flag) VALUES (17, '2020-05-29 12:00:21.948413', '1', 'name=customer', '[{"added": {}}]', 12, 1, 1);
INSERT INTO django_admin_log (id, action_time, object_id, object_repr, change_message, content_type_id, user_id, action_flag) VALUES (18, '2020-05-29 12:01:21.673586', '2', 'name=landlord', '[{"added": {}}]', 12, 1, 1);
INSERT INTO django_admin_log (id, action_time, object_id, object_repr, change_message, content_type_id, user_id, action_flag) VALUES (19, '2020-05-29 12:01:41.440703', '2', 'name=Landlord', '[{"changed": {"fields": ["Name"]}}]', 12, 1, 2);
INSERT INTO django_admin_log (id, action_time, object_id, object_repr, change_message, content_type_id, user_id, action_flag) VALUES (20, '2020-05-29 12:01:46.706514', '1', 'name=Customer', '[{"changed": {"fields": ["Name"]}}]', 12, 1, 2);
INSERT INTO django_admin_log (id, action_time, object_id, object_repr, change_message, content_type_id, user_id, action_flag) VALUES (21, '2020-05-29 12:07:05.340199', '2', 'landlord', '[{"changed": {"fields": ["Staff status", "Superuser status"]}}]', 4, 1, 2);
INSERT INTO django_admin_log (id, action_time, object_id, object_repr, change_message, content_type_id, user_id, action_flag) VALUES (22, '2020-05-29 12:07:13.513258', '3', 'customer', '[{"changed": {"fields": ["Staff status", "Superuser status"]}}]', 4, 1, 2);
INSERT INTO django_admin_log (id, action_time, object_id, object_repr, change_message, content_type_id, user_id, action_flag) VALUES (23, '2020-05-29 12:08:42.867640', '1', 'user=customer - role=name=Customer - address=Jacob Lindbergs Vej 10 - zip=zip_code=2400 - city=name=Copenhagen - country=name=Denmark - country_code=208', '[{"added": {}}]', 13, 1, 1);
INSERT INTO django_admin_log (id, action_time, object_id, object_repr, change_message, content_type_id, user_id, action_flag) VALUES (24, '2020-05-29 12:09:35.825337', '2', 'user=landlord - role=name=Landlord - address=My address 200 - zip=zip_code=2860 - city=name=Søborg - country=name=Denmark - country_code=208', '[{"added": {}}]', 13, 1, 1);
INSERT INTO django_admin_log (id, action_time, object_id, object_repr, change_message, content_type_id, user_id, action_flag) VALUES (25, '2020-05-29 12:12:38.042282', '1', 'title=Very nice house - price=1000 - address=Streety Street 28 - zip=zip_code=2400 - city=name=Copenhagen - country=name=Denmark - country_code=208 - owner=landlord', '[{"added": {}}]', 10, 1, 1);
INSERT INTO django_admin_log (id, action_time, object_id, object_repr, change_message, content_type_id, user_id, action_flag) VALUES (26, '2020-05-29 12:15:12.087096', '2', 'title=Cheap but cozy - price=200 - address=Streety Street 1 - zip=zip_code=2400 - city=name=Copenhagen - country=name=Denmark - country_code=208 - owner=landlord', '[{"added": {}}]', 10, 1, 1);
INSERT INTO django_admin_log (id, action_time, object_id, object_repr, change_message, content_type_id, user_id, action_flag) VALUES (27, '2020-05-29 12:35:47.313480', '1', 'property=title=Very nice house - price=1000 - address=Streety Street 28 - zip=zip_code=2400 - city=name=Copenhagen - country=name=Denmark - country_code=208 - owner=landlord - uuid=2224b271-4ae7-4437-', '[{"added": {}}]', 14, 1, 1);
INSERT INTO django_admin_log (id, action_time, object_id, object_repr, change_message, content_type_id, user_id, action_flag) VALUES (28, '2020-05-29 12:38:43.321174', '2', 'property=title=Very nice house - price=1000 - address=Streety Street 28 - zip=zip_code=2400 - city=name=Copenhagen - country=name=Denmark - country_code=208 - owner=landlord - uuid=89df6422-07d4-424c-', '[{"added": {}}]', 14, 1, 1);
INSERT INTO django_admin_log (id, action_time, object_id, object_repr, change_message, content_type_id, user_id, action_flag) VALUES (29, '2020-05-29 12:56:19.035333', '2', 'property=title=Very nice house - price=1000 - address=Streety Street 28 - zip=zip_code=2400 - city=name=Copenhagen - country=name=Denmark - country_code=208 - owner=landlord - uuid=89df6422-07d4-424c-', '', 14, 1, 3);
INSERT INTO django_admin_log (id, action_time, object_id, object_repr, change_message, content_type_id, user_id, action_flag) VALUES (30, '2020-05-29 12:56:21.687426', '1', 'property=title=Very nice house - price=1000 - address=Streety Street 28 - zip=zip_code=2400 - city=name=Copenhagen - country=name=Denmark - country_code=208 - owner=landlord - uuid=2224b271-4ae7-4437-', '', 14, 1, 3);
INSERT INTO django_admin_log (id, action_time, object_id, object_repr, change_message, content_type_id, user_id, action_flag) VALUES (31, '2020-05-29 13:03:08.573156', '1', 'property=title=Very nice house - price=1000 - address=Streety Street 28 - zip=zip_code=2400 - city=name=Copenhagen - country=name=Denmark - country_code=208 - owner=landlord - uuid=markus-spiske-izyQa', '[{"added": {}}]', 14, 1, 1);
INSERT INTO django_admin_log (id, action_time, object_id, object_repr, change_message, content_type_id, user_id, action_flag) VALUES (32, '2020-05-29 13:05:01.916837', '1', 'property=title=Very nice house - price=1000 - address=Streety Street 28 - zip=zip_code=2400 - city=name=Copenhagen - country=name=Denmark - country_code=208 - owner=landlord - img=markus-spiske-TFwyHO', '[{"changed": {"fields": ["Img"]}}]', 14, 1, 2);
INSERT INTO django_admin_log (id, action_time, object_id, object_repr, change_message, content_type_id, user_id, action_flag) VALUES (33, '2020-05-29 13:11:17.651078', '1', 'property=title=Very nice house - price=1000 - address=Streety Street 28 - zip=zip_code=2400 - city=name=Copenhagen - country=name=Denmark - country_code=208 - owner=landlord - img=markus-spiske-TFwyHO', '', 14, 1, 3);
INSERT INTO django_admin_log (id, action_time, object_id, object_repr, change_message, content_type_id, user_id, action_flag) VALUES (34, '2020-05-29 13:11:32.625763', '2', 'property=title=Very nice house - price=1000 - address=Streety Street 28 - zip=zip_code=2400 - city=name=Copenhagen - country=name=Denmark - country_code=208 - owner=landlord - img=markus-spiske-izyQaB', '[{"added": {}}]', 14, 1, 1);
INSERT INTO django_admin_log (id, action_time, object_id, object_repr, change_message, content_type_id, user_id, action_flag) VALUES (35, '2020-05-29 13:11:53.879504', '2', 'property=title=Very nice house - price=1000 - address=Streety Street 28 - zip=zip_code=2400 - city=name=Copenhagen - country=name=Denmark - country_code=208 - owner=landlord - img=markus-spiske-izyQaB', '[]', 14, 1, 2);
INSERT INTO django_admin_log (id, action_time, object_id, object_repr, change_message, content_type_id, user_id, action_flag) VALUES (36, '2020-05-29 13:12:00.962228', '2', 'property=title=Very nice house - price=1000 - address=Streety Street 28 - zip=zip_code=2400 - city=name=Copenhagen - country=name=Denmark - country_code=208 - owner=landlord - img=markus-spiske-izyQaB', '', 14, 1, 3);
INSERT INTO django_admin_log (id, action_time, object_id, object_repr, change_message, content_type_id, user_id, action_flag) VALUES (37, '2020-05-29 13:12:19.465176', '3', 'property=title=Very nice house - price=1000 - address=Streety Street 28 - zip=zip_code=2400 - city=name=Copenhagen - country=name=Denmark - country_code=208 - owner=landlord - img=markus-spiske-izyQaB', '[{"added": {}}]', 14, 1, 1);
INSERT INTO django_admin_log (id, action_time, object_id, object_repr, change_message, content_type_id, user_id, action_flag) VALUES (38, '2020-05-29 13:13:18.198670', '3', 'property=title=Very nice house - price=1000 - address=Streety Street 28 - zip=zip_code=2400 - city=name=Copenhagen - country=name=Denmark - country_code=208 - owner=landlord - img=markus-spiske-izyQaB', '', 14, 1, 3);
INSERT INTO django_admin_log (id, action_time, object_id, object_repr, change_message, content_type_id, user_id, action_flag) VALUES (39, '2020-05-29 13:13:31.913525', '4', 'property=title=Very nice house - price=1000 - address=Streety Street 28 - zip=zip_code=2400 - city=name=Copenhagen - country=name=Denmark - country_code=208 - owner=landlord - img=markus-spiske-izyQaB', '[{"added": {}}]', 14, 1, 1);
INSERT INTO django_admin_log (id, action_time, object_id, object_repr, change_message, content_type_id, user_id, action_flag) VALUES (40, '2020-05-29 13:14:45.795043', '5', 'property=title=Cheap but cozy - price=200 - address=Streety Street 1 - zip=zip_code=2400 - city=name=Copenhagen - country=name=Denmark - country_code=208 - owner=landlord - img=markus-spiske-izyQaBSxc', '[{"added": {}}]', 14, 1, 1);
INSERT INTO django_admin_log (id, action_time, object_id, object_repr, change_message, content_type_id, user_id, action_flag) VALUES (41, '2020-05-29 13:15:20.004400', '5', 'property=title=Cheap but cozy - price=200 - address=Streety Street 1 - zip=zip_code=2400 - city=name=Copenhagen - country=name=Denmark - country_code=208 - owner=landlord - img=markus-spiske-izyQaBSxc', '', 14, 1, 3);
INSERT INTO django_admin_log (id, action_time, object_id, object_repr, change_message, content_type_id, user_id, action_flag) VALUES (42, '2020-05-29 13:16:04.121641', '4', 'property=title=Very nice house - price=1000 - address=Streety Street 28 - zip=zip_code=2400 - city=name=Copenhagen - country=name=Denmark - country_code=208 - owner=landlord - img=markus-spiske-izyQaB', '', 14, 1, 3);
INSERT INTO django_admin_log (id, action_time, object_id, object_repr, change_message, content_type_id, user_id, action_flag) VALUES (43, '2020-05-29 13:16:23.039332', '6', 'property=title=Very nice house - price=1000 - address=Streety Street 28 - zip=zip_code=2400 - city=name=Copenhagen - country=name=Denmark - country_code=208 - owner=landlord - img=markus-spiske-izyQaB', '[{"added": {}}]', 14, 1, 1);
INSERT INTO django_admin_log (id, action_time, object_id, object_repr, change_message, content_type_id, user_id, action_flag) VALUES (44, '2020-05-29 13:16:33.375336', '7', 'property=title=Very nice house - price=1000 - address=Streety Street 28 - zip=zip_code=2400 - city=name=Copenhagen - country=name=Denmark - country_code=208 - owner=landlord - img=markus-spiske-TFwyHO', '[{"added": {}}]', 14, 1, 1);
INSERT INTO django_admin_log (id, action_time, object_id, object_repr, change_message, content_type_id, user_id, action_flag) VALUES (45, '2020-05-29 13:16:44.000833', '8', 'property=title=Cheap but cozy - price=200 - address=Streety Street 1 - zip=zip_code=2400 - city=name=Copenhagen - country=name=Denmark - country_code=208 - owner=landlord - img=luke-stackpoole-eWqOgJ-', '[{"added": {}}]', 14, 1, 1);
INSERT INTO django_admin_log (id, action_time, object_id, object_repr, change_message, content_type_id, user_id, action_flag) VALUES (46, '2020-05-29 13:18:51.834769', '1', 'Booking object (1)', '[{"added": {}}]', 9, 1, 1);
INSERT INTO django_content_type (id, app_label, model) VALUES (1, 'admin', 'logentry');
INSERT INTO django_content_type (id, app_label, model) VALUES (2, 'auth', 'permission');
INSERT INTO django_content_type (id, app_label, model) VALUES (3, 'auth', 'group');
INSERT INTO django_content_type (id, app_label, model) VALUES (4, 'auth', 'user');
INSERT INTO django_content_type (id, app_label, model) VALUES (5, 'contenttypes', 'contenttype');
INSERT INTO django_content_type (id, app_label, model) VALUES (6, 'sessions', 'session');
INSERT INTO django_content_type (id, app_label, model) VALUES (7, 'rental', 'city');
INSERT INTO django_content_type (id, app_label, model) VALUES (8, 'rental', 'zip');
INSERT INTO django_content_type (id, app_label, model) VALUES (9, 'rental', 'booking');
INSERT INTO django_content_type (id, app_label, model) VALUES (10, 'rental', 'property');
INSERT INTO django_content_type (id, app_label, model) VALUES (11, 'rental', 'country');
INSERT INTO django_content_type (id, app_label, model) VALUES (12, 'rental', 'role');
INSERT INTO django_content_type (id, app_label, model) VALUES (13, 'rental', 'userprofile');
INSERT INTO django_content_type (id, app_label, model) VALUES (14, 'rental', 'propertyimg');
INSERT INTO django_migrations (id, app, name, applied) VALUES (1, 'contenttypes', '0001_initial', '2020-05-29 11:21:15.753206');
INSERT INTO django_migrations (id, app, name, applied) VALUES (2, 'auth', '0001_initial', '2020-05-29 11:21:15.788113');
INSERT INTO django_migrations (id, app, name, applied) VALUES (3, 'admin', '0001_initial', '2020-05-29 11:21:15.846957');
INSERT INTO django_migrations (id, app, name, applied) VALUES (4, 'admin', '0002_logentry_remove_auto_add', '2020-05-29 11:21:15.874881');
INSERT INTO django_migrations (id, app, name, applied) VALUES (5, 'admin', '0003_logentry_add_action_flag_choices', '2020-05-29 11:21:15.895826');
INSERT INTO django_migrations (id, app, name, applied) VALUES (6, 'contenttypes', '0002_remove_content_type_name', '2020-05-29 11:21:15.924747');
INSERT INTO django_migrations (id, app, name, applied) VALUES (7, 'auth', '0002_alter_permission_name_max_length', '2020-05-29 11:21:15.938711');
INSERT INTO django_migrations (id, app, name, applied) VALUES (8, 'auth', '0003_alter_user_email_max_length', '2020-05-29 11:21:15.957660');
INSERT INTO django_migrations (id, app, name, applied) VALUES (9, 'auth', '0004_alter_user_username_opts', '2020-05-29 11:21:15.974614');
INSERT INTO django_migrations (id, app, name, applied) VALUES (10, 'auth', '0005_alter_user_last_login_null', '2020-05-29 11:21:15.991570');
INSERT INTO django_migrations (id, app, name, applied) VALUES (11, 'auth', '0006_require_contenttypes_0002', '2020-05-29 11:21:15.997554');
INSERT INTO django_migrations (id, app, name, applied) VALUES (12, 'auth', '0007_alter_validators_add_error_messages', '2020-05-29 11:21:16.012514');
INSERT INTO django_migrations (id, app, name, applied) VALUES (13, 'auth', '0008_alter_user_username_max_length', '2020-05-29 11:21:16.028470');
INSERT INTO django_migrations (id, app, name, applied) VALUES (14, 'auth', '0009_alter_user_last_name_max_length', '2020-05-29 11:21:16.048417');
INSERT INTO django_migrations (id, app, name, applied) VALUES (15, 'auth', '0010_alter_group_name_max_length', '2020-05-29 11:21:16.074355');
INSERT INTO django_migrations (id, app, name, applied) VALUES (16, 'auth', '0011_update_proxy_permissions', '2020-05-29 11:21:16.090313');
INSERT INTO django_migrations (id, app, name, applied) VALUES (17, 'sessions', '0001_initial', '2020-05-29 11:21:16.100288');
INSERT INTO django_migrations (id, app, name, applied) VALUES (18, 'rental', '0001_initial', '2020-05-29 11:25:41.674992');
INSERT INTO django_migrations (id, app, name, applied) VALUES (19, 'rental', '0002_propertyimg', '2020-05-29 12:28:39.173713');
INSERT INTO django_migrations (id, app, name, applied) VALUES (20, 'rental', '0003_auto_20200529_1437', '2020-05-29 12:37:57.966536');
INSERT INTO django_migrations (id, app, name, applied) VALUES (21, 'rental', '0004_auto_20200529_1500', '2020-05-29 13:00:15.106858');
INSERT INTO django_migrations (id, app, name, applied) VALUES (22, 'rental', '0005_auto_20200529_1503', '2020-05-29 13:03:47.326363');
INSERT INTO django_session (session_key, session_data, expire_date) VALUES ('yvk8lsh991f144tmuqjug39tpzotx3lq', 'NzRhM2M1YjZhNmRiYjhhYWFlZjZhNThkOWQyN2Q1MDU1OTE4ZTBhNzp7Il9hdXRoX3VzZXJfaWQiOiIxIiwiX2F1dGhfdXNlcl9iYWNrZW5kIjoiZGphbmdvLmNvbnRyaWIuYXV0aC5iYWNrZW5kcy5Nb2RlbEJhY2tlbmQiLCJfYXV0aF91c2VyX2hhc2giOiI4N2ZiY2E2YzczNTY5N2VmZTBmZjFmMTRjYjBmZjRkNjgxYzhhYzM0In0=', '2020-06-12 11:28:58.829779');
INSERT INTO rental_booking (id, start_date, end_date, customer_id, property_id) VALUES (1, '2020-05-29', '2020-06-06', 3, 1);
INSERT INTO rental_city (id, name, country_id) VALUES (1, 'Allinge', 1);
INSERT INTO rental_city (id, name, country_id) VALUES (2, 'Copenhagen', 1);
INSERT INTO rental_city (id, name, country_id) VALUES (4, 'Holte', 1);
INSERT INTO rental_city (id, name, country_id) VALUES (5, 'Søborg', 1);
INSERT INTO rental_country (id, name, country_code) VALUES (1, 'Denmark', '208');
INSERT INTO rental_country (id, name, country_code) VALUES (2, 'Netherlands', '528');
INSERT INTO rental_country (id, name, country_code) VALUES (3, 'Italy', '380');
INSERT INTO rental_property (id, title, price, address, owner_id, zip_id) VALUES (1, 'Very nice house', 1000, 'Streety Street 28', 2, 4);
INSERT INTO rental_property (id, title, price, address, owner_id, zip_id) VALUES (2, 'Cheap but cozy', 200, 'Streety Street 1', 2, 4);
INSERT INTO rental_role (id, name) VALUES (1, 'Customer');
INSERT INTO rental_role (id, name) VALUES (2, 'Landlord');
INSERT INTO rental_userprofile (id, address, role_id, user_id, zip_id) VALUES (1, 'Jacob Lindbergs Vej 10', 1, 3, 4);
INSERT INTO rental_userprofile (id, address, role_id, user_id, zip_id) VALUES (2, 'My address 200', 2, 2, 3);
INSERT INTO rental_zip (id, zip, city_id) VALUES (1, 3770, 1);
INSERT INTO rental_zip (id, zip, city_id) VALUES (2, 2840, 4);
INSERT INTO rental_zip (id, zip, city_id) VALUES (3, 2860, 5);
INSERT INTO rental_zip (id, zip, city_id) VALUES (4, 2400, 2);
INSERT INTO rental_zip (id, zip, city_id) VALUES (5, 2300, 2);